City_ID,City,Country,Lat,Lng,Max Temp,Humidity,Cloudiness,Wind Speed,Current Description
0,Asau,RO,46.4333,26.4,40.12,84,95,5.68,overcast clouds
1,Kangaatsiaq,GL,68.3065,-53.4641,37.65,96,100,5.86,light rain
2,Busselton,AU,-33.65,115.3333,53.67,74,100,12.82,overcast clouds
3,Kaitangata,NZ,-46.2817,169.8464,68.31,59,77,6.15,broken clouds
4,Cape Town,ZA,-33.9258,18.4232,66.11,76,0,10.36,clear sky
5,Ilulissat,GL,69.2167,-51.1,35.22,100,100,3.4,light snow
6,Ivanava,BY,52.1451,25.5365,50.07,93,32,6.67,scattered clouds
7,Kavaratti,IN,10.5669,72.642,81.43,63,37,8.1,scattered clouds
8,Alofi,NU,-19.0595,-169.9187,77.13,76,100,17.58,overcast clouds
9,Morondava,MG,-20.2833,44.2833,76.41,72,56,5.32,broken clouds
10,Rikitea,PF,-23.1203,-134.9692,74.05,78,99,10.56,overcast clouds
11,Ushuaia,AR,-54.8,-68.3,29.57,92,73,2.64,broken clouds
12,Clyde River,CA,70.4692,-68.5914,14.23,79,100,20.71,light snow
13,Bredasdorp,ZA,-34.5322,20.0403,60.96,81,99,10.98,overcast clouds
14,Albany,US,42.6001,-73.9662,43.45,71,99,0.87,overcast clouds
15,Surt,LY,31.2089,16.5887,71.94,69,10,12.15,clear sky
16,Goya,AR,-29.14,-59.2626,72.07,39,0,7.14,clear sky
17,Zlatoust,RU,55.1711,59.6508,26.15,79,98,1.23,overcast clouds
18,Sorong,ID,-0.8833,131.25,82.83,71,98,2.77,overcast clouds
19,Butaritari,KI,3.0707,172.7902,81.68,72,41,15.68,scattered clouds
20,Hobart,AU,-42.8794,147.3294,57.25,63,75,8.05,broken clouds
21,Sindou,BF,10.6667,-5.1667,76.75,41,5,2.8,clear sky
22,Mataura,NZ,-46.1927,168.8643,74.08,46,74,3.18,broken clouds
23,Vestmannaeyjar,IS,63.4427,-20.2734,42.4,78,56,13.91,broken clouds
24,Neryungri,RU,56.6709,124.6491,7.39,90,59,2.17,broken clouds
25,Naze,JP,28.3667,129.4833,74.32,76,62,20.76,broken clouds
26,Puerto Ayora,EC,-0.7393,-90.3518,66.54,90,57,5.01,broken clouds
27,Vardo,NO,70.3705,31.1107,35.58,87,100,19.57,overcast clouds
28,Dikson,RU,73.5069,80.5464,19.92,94,100,3.98,overcast clouds
29,Madison,US,34.7334,-86.5667,65.37,69,47,8.01,scattered clouds
30,Jamestown,US,42.097,-79.2353,46.06,47,100,1.01,overcast clouds
31,Tasiilaq,GL,65.6145,-37.6368,35.76,84,100,5.35,overcast clouds
32,Kollam,IN,8.8833,76.6,76.55,83,90,3.6,overcast clouds
33,Marabba,SD,12.35,32.1833,85.73,42,60,7.14,broken clouds
34,Buraydah,SA,26.326,43.975,71.19,18,0,4.07,clear sky
35,Westport,US,41.1415,-73.3579,51.91,62,95,3.0,overcast clouds
36,Faya,SA,18.3851,42.4509,57.31,75,13,1.39,few clouds
37,Goksun,TR,38.021,36.4973,43.48,58,6,7.34,clear sky
38,Jermuk,AM,39.8417,45.6723,35.78,88,53,1.57,broken clouds
39,Voyvozh,RU,62.892,54.9635,27.07,92,93,7.85,overcast clouds
40,Henties Bay,NA,-22.116,14.2845,56.82,94,2,5.64,clear sky
41,Mojoagung,ID,-7.5667,112.35,78.31,67,96,4.5,overcast clouds
42,Isangel,VU,-19.55,169.2667,82.13,71,1,7.94,clear sky
43,Kholm,RU,59.2667,32.85,48.4,98,100,5.91,moderate rain
44,Ust-Kuyga,RU,70.0167,135.6,-7.13,100,89,1.12,overcast clouds
45,Nelson Bay,AU,-32.7167,152.15,72.1,46,0,14.0,clear sky
46,Mayo,US,38.8876,-76.5119,58.03,74,100,5.75,overcast clouds
47,Plessisville,CA,46.2186,-71.762,36.37,68,91,4.0,overcast clouds
48,Licata,IT,37.1071,13.9461,66.24,80,0,3.33,clear sky
49,De Pere,US,44.4489,-88.0604,50.92,79,0,6.91,clear sky
50,Yambio,SS,4.5721,28.3955,68.07,95,100,0.69,light rain
51,Muroto,JP,33.2833,134.15,64.06,68,0,18.43,clear sky
52,Saint-Philippe,RE,-21.3585,55.7679,67.59,70,27,7.07,scattered clouds
53,Port Lincoln,AU,-34.7333,135.8667,61.12,59,20,11.3,few clouds
54,Yellowknife,CA,62.456,-114.3525,13.77,95,90,4.88,overcast clouds
55,Sao Gabriel Da Cachoeira,BR,-0.1303,-67.0892,75.16,95,100,2.1,overcast clouds
56,Punta Arenas,CL,-53.15,-70.9167,39.11,86,87,22.39,overcast clouds
57,Vaini,TO,-21.2,-175.2,75.67,84,49,20.18,scattered clouds
58,Mount Gambier,AU,-37.8333,140.7667,54.86,78,71,9.22,broken clouds
59,Camopi,GF,3.1655,-52.3158,76.3,84,82,4.14,broken clouds
60,Smoky Lake,CA,54.1169,-112.4686,45.54,51,66,12.15,broken clouds
61,Ketchikan,US,55.3422,-131.6461,42.58,73,100,14.07,light rain
62,Linjiang,CN,41.8069,126.9078,40.08,45,3,1.23,clear sky
63,Mahebourg,MU,-20.4081,57.7,72.25,79,78,11.56,light rain
64,Fosses,FR,49.0981,2.5096,64.17,90,0,8.05,clear sky
65,Touros,BR,-5.1989,-35.4608,78.22,81,84,15.5,broken clouds
66,Hithadhoo,MV,-0.6,73.0833,81.61,79,98,19.57,overcast clouds
67,San Rafael Del Sur,NI,11.8485,-86.4384,77.31,80,8,2.33,clear sky
68,Taltal,CL,-25.4,-70.4833,60.46,76,22,4.21,few clouds
69,Hobyo,SO,5.3505,48.5268,78.96,78,14,5.14,few clouds
70,Cherskiy,RU,68.75,161.3,8.91,95,100,8.61,light snow
71,Buta,CD,2.7858,24.73,69.84,98,100,1.07,light rain
72,Barrow,US,71.2906,-156.7887,17.62,73,100,8.05,overcast clouds
73,Hilo,US,19.7297,-155.09,84.25,78,5,3.0,clear sky
74,Provideniya,RU,64.3833,-173.3,18.25,74,49,6.44,scattered clouds
75,Goderich,CA,43.7501,-81.7165,43.92,55,23,8.7,few clouds
76,Isilkul,RU,54.9109,71.2728,21.49,92,71,10.04,broken clouds
77,Atuona,PF,-9.8,-139.0333,76.8,75,10,18.43,clear sky
78,Winsum,NL,53.33,6.5208,57.96,91,100,7.4,overcast clouds
79,Kaka,TM,37.3482,59.6143,58.53,45,5,0.74,clear sky
80,Abha,SA,18.2164,42.5053,57.38,84,17,2.44,few clouds
81,Lago Da Pedra,BR,-4.3333,-45.1667,79.84,62,84,6.26,broken clouds
82,Egvekinot,RU,66.3167,-179.1667,11.05,80,100,13.04,overcast clouds
83,Kapaa,US,22.0752,-159.319,87.78,70,7,7.0,clear sky
84,Iralaya,HN,15.0,-83.2333,79.84,76,19,5.68,few clouds
85,Massaguet,TD,12.4755,15.4365,81.72,18,97,10.36,overcast clouds
86,Praia,CV,14.9215,-23.5087,78.73,76,100,10.92,overcast clouds
87,Upernavik,GL,72.7868,-56.1549,20.43,70,99,24.81,overcast clouds
88,Shuya,RU,56.8487,41.3883,41.88,98,100,7.61,overcast clouds
89,Dvinskoy,RU,62.1535,45.1175,39.63,99,100,4.56,overcast clouds
90,Saskylakh,RU,71.9167,114.0833,-0.44,94,64,8.19,broken clouds
91,Saint George,US,37.1041,-113.5841,68.95,17,0,4.61,clear sky
92,Subaan,PH,13.0765,121.3647,76.51,94,100,21.05,heavy intensity rain
93,Yulara,AU,-25.2406,130.9889,76.01,50,74,16.49,broken clouds
94,Longyearbyen,SJ,78.2186,15.6401,22.84,68,75,17.27,broken clouds
95,Avarua,CK,-21.2078,-159.775,77.05,69,75,19.57,broken clouds
96,Deputatskiy,RU,69.3,139.9,0.18,93,100,3.85,overcast clouds
97,Klyuchi,RU,52.2667,79.1667,24.49,71,57,8.66,broken clouds
98,Solton,RU,52.8429,86.4787,26.69,85,15,6.17,few clouds
99,Esperance,AU,-33.8667,121.9,60.26,64,38,14.27,scattered clouds
100,Biharamulo,TZ,-2.6319,31.3089,63.37,71,73,2.17,broken clouds
101,Katangli,RU,51.7102,143.2326,35.42,68,7,5.64,clear sky
102,Manggar,ID,-2.8833,108.2667,80.15,80,91,4.41,overcast clouds
103,Kodiak,US,57.79,-152.4072,34.95,57,85,14.99,overcast clouds
104,Manono,CD,-7.3,27.4167,71.49,91,99,1.21,light rain
105,Salalah,OM,17.0151,54.0924,74.12,65,0,2.51,clear sky
106,Port Alfred,ZA,-33.5906,26.891,62.19,86,98,5.01,overcast clouds
107,Staryy Nadym,RU,65.6118,72.6842,18.73,86,23,15.93,few clouds
108,Ponta Do Sol,PT,32.6667,-17.1,72.01,82,16,5.53,few clouds
109,San Cristobal,VE,7.7669,-72.225,66.96,95,59,2.91,broken clouds
110,Zhanaozen,KZ,43.3,52.8,47.7,87,85,5.57,overcast clouds
111,Almaznyy,RU,48.0448,40.045,41.4,83,100,5.21,overcast clouds
112,Antalaha,MG,-14.9003,50.2788,67.66,86,7,4.43,clear sky
113,Casablanca,MA,33.5928,-7.6192,75.33,27,43,5.99,scattered clouds
114,Mae Ramat,TH,16.984,98.5166,72.46,93,26,2.08,scattered clouds
115,Bambous Virieux,MU,-20.3428,57.7575,72.21,78,85,11.65,light rain
116,Castro,BR,-24.7911,-50.0119,65.41,80,30,2.95,scattered clouds
117,Ancud,CL,-41.8697,-73.8203,47.46,84,100,12.53,light rain
118,Gunjur,GM,13.2019,-16.7339,81.45,78,100,10.51,overcast clouds
119,Rundu,NA,-17.9333,19.7667,72.81,58,98,5.26,overcast clouds
120,Esil,KZ,51.9556,66.4042,12.76,95,76,4.43,broken clouds
121,Kaoma,ZM,-14.7833,24.8,69.17,53,70,5.39,broken clouds
122,Ulaangom,MN,49.9811,92.0667,29.1,51,88,9.04,overcast clouds
123,Bluff,NZ,-46.6,168.3333,60.78,76,75,6.51,broken clouds
124,Sao Joao Da Barra,BR,-21.6403,-41.0511,75.27,87,82,8.12,broken clouds
125,Norman Wells,CA,65.282,-126.8329,16.88,95,100,2.3,light snow
126,Aksu,CN,41.1231,80.2644,47.97,35,38,3.36,scattered clouds
127,Marondera,ZW,-18.1853,31.5519,57.67,81,13,8.72,few clouds
128,San Patricio,US,28.017,-97.5169,76.84,32,33,14.25,scattered clouds
129,Katsuura,JP,35.1333,140.3,64.31,64,0,12.8,clear sky
130,San Carlos De Bariloche,AR,-41.1456,-71.3082,42.03,81,83,19.33,broken clouds
131,Kruisfontein,ZA,-34.0033,24.7314,61.88,80,93,14.74,overcast clouds
132,Flinders,AU,-34.5833,150.8552,70.18,49,7,14.0,clear sky
133,Wilmington,US,34.2257,-77.9447,60.91,91,100,11.5,overcast clouds
134,Tsiroanomandidy,MG,-18.7667,46.0333,68.81,76,48,5.82,scattered clouds
135,Kavieng,PG,-2.5744,150.7967,84.56,72,93,11.12,light rain
136,Bintulu,MY,3.1667,113.0333,77.65,89,85,4.34,overcast clouds
137,Georgetown,MY,5.4112,100.3354,80.24,87,20,3.44,few clouds
138,Faanui,PF,-16.4833,-151.75,78.78,78,22,9.01,moderate rain
139,Temir,KZ,49.1414,57.13,34.99,51,100,11.36,overcast clouds
140,Bethel,US,41.3712,-73.414,48.63,65,0,0.0,clear sky
141,Sorland,NO,67.667,12.6934,44.46,83,100,19.42,light rain
142,Vanimo,PG,-2.6741,141.3028,84.94,69,98,6.64,overcast clouds
143,Nikolskoye,RU,59.7035,30.7861,51.69,97,100,6.35,moderate rain
144,Mogadishu,SO,2.0371,45.3438,78.28,80,88,8.68,overcast clouds
145,Kudahuvadhoo,MV,2.6708,72.8944,80.46,82,94,16.46,overcast clouds
146,Civita Castellana,IT,42.2952,12.4092,65.8,84,8,3.36,clear sky
147,Hazorasp,UZ,41.3194,61.0742,46.24,46,24,4.97,few clouds
148,Sitka,US,57.0531,-135.33,40.64,81,100,6.98,light rain
149,Pangnirtung,CA,66.1451,-65.7125,20.79,73,97,9.66,overcast clouds
150,Orlik,RU,52.5178,99.825,25.45,95,100,3.91,light snow
151,Sao Jose Da Coroa Grande,BR,-8.8978,-35.1478,78.3,72,70,10.27,broken clouds
152,Balsas,BR,-7.5325,-46.0356,80.02,62,87,1.95,overcast clouds
153,Banda,IN,25.4833,80.3333,69.08,59,0,4.21,clear sky
154,Mercedes,AR,-34.6515,-59.4307,77.86,40,81,9.91,broken clouds
155,Kozhva,RU,65.1073,57.0459,19.6,98,79,7.02,broken clouds
156,Luau,AO,-10.7073,22.2247,66.22,90,100,3.04,moderate rain
157,Sola,VU,-13.8833,167.55,81.72,70,37,3.02,scattered clouds
158,Cayenne,GF,4.9333,-52.3333,77.04,94,0,0.0,clear sky
159,Cap Malheureux,MU,-19.9842,57.6142,72.46,72,82,1.01,broken clouds
160,Fort Nelson,CA,58.8053,-122.7002,30.81,88,86,2.75,overcast clouds
161,Nemuro,JP,43.3236,145.575,55.08,77,68,14.25,broken clouds
162,Sao Felix Do Xingu,BR,-6.6447,-51.995,75.22,88,92,2.17,overcast clouds
163,Cairns,AU,-16.9167,145.7667,92.1,66,24,5.75,few clouds
164,Sabang,ID,5.8933,95.3214,80.76,78,98,8.77,light rain
165,Hermanus,ZA,-34.4187,19.2345,61.81,82,93,14.0,overcast clouds
166,Dingle,PH,10.9995,122.6711,76.82,93,100,23.76,heavy intensity rain
167,Igarka,RU,67.4667,86.5833,22.62,95,100,15.97,light snow
168,Kyra,RU,49.5776,111.9753,29.53,61,94,0.92,overcast clouds
169,Saravan,AM,39.7196,45.6483,40.46,83,43,3.71,scattered clouds
170,Carnarvon,AU,-24.8667,113.6333,68.04,58,47,20.38,scattered clouds
171,Pachino,IT,36.7186,15.0907,67.15,76,0,8.59,clear sky
172,Manakara,MG,-22.1333,48.0167,70.25,80,58,7.78,broken clouds
173,Carrickmacross,IE,53.9728,-6.7189,53.67,89,79,8.3,broken clouds
174,Charters Towers,AU,-20.1,146.2667,85.86,18,15,12.19,few clouds
175,Hasaki,JP,35.7333,140.8333,61.29,61,3,18.34,clear sky
176,Dunedin,NZ,-45.8742,170.5036,65.37,65,83,5.23,light rain
177,Gat,IL,31.61,34.7642,69.4,76,100,4.79,overcast clouds
178,Codrington,AU,-38.2667,141.9667,56.71,67,67,13.0,broken clouds
179,Krasnodon,UA,48.2923,39.7373,42.69,82,100,4.23,overcast clouds
180,Chokurdakh,RU,70.6333,147.9167,-8.61,99,92,7.43,overcast clouds
181,East London,ZA,-33.0153,27.9116,63.79,77,100,21.32,overcast clouds
182,New Norfolk,AU,-42.7826,147.0587,55.92,73,89,5.01,overcast clouds
183,Meadow Lake,US,34.8014,-106.5436,59.47,34,0,2.62,clear sky
184,Pervouralsk,RU,56.9053,59.9436,27.84,91,100,6.08,overcast clouds
185,Pevek,RU,69.7008,170.3133,6.08,93,100,5.14,overcast clouds
186,Nizhniy Tsasuchey,RU,50.5167,115.1333,28.18,63,56,5.82,broken clouds
187,Akranes,IS,64.3218,-22.0749,37.96,77,96,8.95,overcast clouds
188,Araguaina,BR,-7.1911,-48.2072,79.12,77,100,2.75,overcast clouds
189,Mar Del Plata,AR,-38.0023,-57.5575,61.09,70,100,7.0,light rain
190,Kempsey,AU,-31.0833,152.8333,76.95,42,0,7.0,clear sky
191,Camacha,PT,33.0833,-16.3333,65.62,88,20,6.91,few clouds
192,Gerash,IR,27.6652,54.1371,68.05,25,94,0.47,overcast clouds
193,Torbay,CA,47.6666,-52.7314,45.75,61,3,5.01,clear sky
194,Khatanga,RU,71.9667,102.5,-2.63,93,96,3.87,overcast clouds
195,Agbor,NG,6.2518,6.1934,76.37,88,99,2.68,overcast clouds
196,Matara,LK,5.9485,80.5353,75.81,86,49,2.71,scattered clouds
197,Tazovskiy,RU,67.4667,78.7,26.13,95,92,18.66,light snow
198,Ribeira Grande,PT,38.5167,-28.7,58.77,66,0,7.0,clear sky
199,Brae,GB,60.3964,-1.353,52.88,88,63,22.97,broken clouds
200,The Valley,AI,18.217,-63.0578,82.09,78,94,16.28,overcast clouds
201,Dudinka,RU,69.4058,86.1778,20.93,94,100,18.23,light snow
202,Svetlyy,RU,54.675,20.1347,55.45,88,76,11.27,broken clouds
203,Chuy,UY,-33.6971,-53.4616,64.76,73,15,8.23,few clouds
204,Hamilton,US,39.1834,-84.5333,59.22,59,6,4.92,clear sky
205,Yauya,PE,-8.9833,-77.3,50.95,78,92,0.83,light rain
206,Nizwa,OM,22.9333,57.5333,73.56,39,5,2.19,clear sky
207,Airai,TL,-8.9266,125.4092,70.25,64,90,0.96,overcast clouds
208,Khandbari,NP,27.3747,87.2039,58.33,71,1,4.0,clear sky
209,Port Elizabeth,ZA,-33.918,25.5701,64.09,88,93,13.0,overcast clouds
210,Thompson,CA,55.7435,-97.8558,37.35,80,53,9.48,broken clouds
211,Warrington,GB,53.3925,-2.5802,54.86,89,82,1.99,broken clouds
212,Victor Harbor,AU,-35.5667,138.6167,63.0,60,23,4.0,few clouds
213,Vestmanna,FO,62.1564,-7.1664,47.32,81,100,11.5,overcast clouds
214,Douentza,ML,14.9951,-2.9517,78.93,16,1,6.78,clear sky
215,Ventspils,LV,57.3894,21.5606,53.53,100,100,10.36,overcast clouds
216,Komsomolskiy,UZ,40.4272,71.7189,52.52,76,94,4.61,overcast clouds
217,Qaanaaq,GL,77.484,-69.3632,-2.67,71,17,8.19,few clouds
218,Khor,RU,47.8861,134.9464,36.55,72,6,7.29,clear sky
219,Kieta,PG,-6.2167,155.6333,84.63,71,83,4.32,broken clouds
220,Yima,CN,34.7381,111.8839,52.38,79,99,7.11,overcast clouds
221,Rawson,AR,-43.3002,-65.1023,58.93,24,100,27.4,overcast clouds
222,Mount Isa,AU,-20.7333,139.5,85.77,21,3,11.5,clear sky
223,Safford,US,32.834,-109.7076,70.72,19,0,8.05,clear sky
224,Rio Grande,BR,-32.035,-52.0986,66.02,72,0,9.15,clear sky
225,Prince George,CA,53.9166,-122.753,49.24,46,98,5.01,overcast clouds
226,Rantepao,ID,-2.9701,119.8978,69.04,97,100,0.65,moderate rain
227,Ust-Omchug,RU,61.15,149.6333,10.53,76,97,3.96,overcast clouds
228,Lorengau,PG,-2.0226,147.2712,83.23,75,100,7.02,overcast clouds
229,Grindavik,IS,63.8424,-22.4338,37.87,87,0,1.14,clear sky
230,Palasa,IN,18.7667,84.4167,69.66,70,0,4.38,clear sky
231,Klaksvik,FO,62.2266,-6.589,49.12,91,100,20.56,light rain
232,Adrar,MR,20.5022,-10.0711,77.14,13,18,10.71,few clouds
233,Bonavista,CA,48.6499,-53.1147,44.22,56,3,21.59,clear sky
234,Camara De Lobos,PT,32.6333,-16.9667,72.01,79,20,9.22,few clouds
235,Bengkulu,ID,-3.8004,102.2655,74.71,88,100,2.75,overcast clouds
236,Katherine,AU,-14.4667,132.2667,89.92,55,56,9.22,broken clouds
237,Dali,CN,25.7,100.1833,52.93,89,0,1.52,clear sky
238,Kargasok,RU,59.0556,80.8572,28.44,93,100,11.92,overcast clouds
239,Sinnamary,GF,5.3833,-52.95,78.69,87,9,8.43,clear sky
240,Yar-Sale,RU,66.8333,70.8333,22.06,78,25,18.9,scattered clouds
241,Padang,ID,-0.9492,100.3543,75.25,82,99,2.95,light rain
242,Umm Kaddadah,SD,13.6017,26.6876,78.67,22,47,15.3,scattered clouds
243,Pandamatenga,BW,-18.5278,25.627,74.26,42,20,5.53,few clouds
244,Palu,ID,-0.8917,119.8707,82.76,75,100,0.81,overcast clouds
245,Shadegan,IR,30.6497,48.6647,78.39,66,45,4.97,scattered clouds
246,Leningradskiy,RU,69.3833,178.4167,10.69,92,100,16.89,light snow
247,Blagoyevo,RU,63.3667,47.9167,34.45,98,100,6.73,light snow
248,Georgiyevka,KZ,43.0369,74.7114,30.24,100,99,2.24,fog
249,Tuktoyaktuk,CA,69.4541,-133.0374,13.33,86,100,13.62,overcast clouds
250,Sao Filipe,CV,14.8961,-24.4956,80.58,70,87,6.69,overcast clouds
251,Serowe,BW,-22.3833,26.7167,64.35,79,25,18.54,scattered clouds
252,Kenora,CA,49.8167,-94.4337,50.77,61,83,8.99,broken clouds
253,Margate,GB,51.3813,1.3862,53.31,92,100,7.96,overcast clouds
254,Kushikino,JP,31.7167,130.2667,66.96,67,0,5.32,clear sky
255,Nara,JP,34.6851,135.8049,62.96,50,19,9.13,few clouds
256,Luderitz,NA,-26.6481,15.1594,58.35,85,0,10.16,clear sky
257,Palembang,ID,-2.9167,104.7458,78.89,94,20,3.44,mist
258,Raichur,IN,16.2,77.3667,71.08,66,97,4.99,overcast clouds
259,Zharkent,KZ,44.1628,80.0,38.26,49,5,5.39,clear sky
260,Petropavlovsk-Kamchatskiy,RU,53.0452,158.6483,39.79,52,0,11.18,clear sky
261,Mascote,BR,-15.5631,-39.3025,72.9,93,43,4.52,scattered clouds
262,Bow Island,CA,49.8668,-111.3684,50.49,39,100,20.71,overcast clouds
263,Rocha,UY,-34.4833,-54.3333,68.13,63,73,7.78,broken clouds
264,Bathsheba,BB,13.2167,-59.5167,79.41,89,75,6.91,broken clouds
265,Norfolk,US,42.1668,-71.2495,45.88,88,0,0.0,clear sky
266,Broome,US,42.2506,-75.833,49.68,68,100,2.98,overcast clouds
267,Vao,NC,-22.6667,167.4833,75.67,84,4,11.88,clear sky
268,Seoul,KR,37.5683,126.9778,53.04,62,0,3.09,clear sky
269,Katobu,ID,-4.9408,122.5276,81.32,79,100,2.13,light rain
270,Burns Lake,CA,54.2331,-125.7533,37.74,82,83,17.05,light rain
271,Fortuna,US,40.5982,-124.1573,64.92,68,0,8.05,clear sky
272,Lavrentiya,RU,65.5833,-171.0,21.97,68,67,8.25,broken clouds
273,Muros,ES,42.7762,-9.0603,65.08,91,100,24.16,overcast clouds
274,Olinda,BR,-8.0089,-34.8553,80.33,69,40,11.5,scattered clouds
275,Aquiraz,BR,-3.9014,-38.3911,80.19,80,64,14.5,broken clouds
276,Pisco,PE,-13.7,-76.2167,61.02,82,0,13.8,clear sky
277,Bud,US,39.447,-86.1758,55.24,81,0,6.31,clear sky
278,Mount Vernon,US,40.9126,-73.8371,54.63,63,75,5.75,broken clouds
279,Norsup,VU,-16.0667,167.3833,84.06,70,16,5.08,few clouds
280,Luanda,AO,-8.8368,13.2343,75.72,86,57,6.08,light rain
281,Havre-Saint-Pierre,CA,50.2334,-63.5986,42.46,72,3,23.85,clear sky
282,Lebu,CL,-37.6167,-73.65,54.79,96,100,5.46,overcast clouds
283,Jawhar,SO,2.7809,45.5005,75.49,86,38,6.62,scattered clouds
284,Pangkalanbuun,ID,-2.6833,111.6167,77.83,88,89,0.92,overcast clouds
285,Cabo San Lucas,MX,22.8909,-109.9124,86.61,61,0,11.5,clear sky
286,Iqaluit,CA,63.7506,-68.5145,22.73,93,100,31.07,light snow
287,Ambilobe,MG,-13.2,49.05,69.39,78,43,3.53,scattered clouds
288,Hovd,MN,48.0056,91.6419,24.93,52,23,4.83,few clouds
289,Svetla Nad Sazavou,CZ,49.668,15.4039,51.71,72,61,6.06,broken clouds
290,Araouane,ML,18.9048,-3.5265,75.31,12,0,10.29,clear sky
291,Marsa Matruh,EG,31.3525,27.2453,69.8,66,0,9.91,clear sky
292,Severo-Kurilsk,RU,50.6789,156.125,40.15,64,63,14.38,broken clouds
293,Dir,PK,35.2058,71.8756,54.14,52,0,6.35,clear sky
294,Warner Robins,US,32.621,-83.5999,69.15,65,0,9.22,clear sky
295,Leh,IN,34.1667,77.5833,29.03,43,0,1.5,clear sky
296,Minab,IR,27.1467,57.0801,78.96,71,88,2.1,overcast clouds
297,Verkhniy Lomov,RU,53.4678,43.5511,33.96,92,73,6.44,broken clouds
298,Shelburne,CA,44.0787,-80.2041,42.6,78,30,5.5,scattered clouds
299,Tual,ID,-5.6667,132.75,84.56,71,96,9.69,overcast clouds
300,Urucara,BR,-2.5364,-57.76,81.34,53,99,3.02,overcast clouds
301,Arman,RU,59.7,150.1667,22.8,56,98,4.32,overcast clouds
302,Atherton,GB,53.5237,-2.4935,54.28,88,72,1.99,broken clouds
303,Nome,US,64.5011,-165.4064,28.47,70,0,4.61,clear sky
304,Yumbing,PH,9.2393,124.6578,81.93,77,100,17.31,overcast clouds
305,Ipixuna,BR,-1.7625,-48.8043,81.23,70,93,7.05,overcast clouds
306,Maceio,BR,-9.6658,-35.7353,76.93,82,91,10.07,overcast clouds
307,Dzilam Gonzalez,MX,21.2833,-88.9333,78.57,81,1,7.47,clear sky
308,Priiskovyy,RU,51.9333,116.6333,26.94,56,57,1.92,broken clouds
309,Pundaguitan,PH,6.3711,126.1689,83.1,79,99,24.2,overcast clouds
310,Nuuk,GL,64.1835,-51.7216,34.41,93,75,23.02,light snow
311,Atambua,ID,-9.1061,124.8925,81.52,66,100,1.21,overcast clouds
312,Nanortalik,GL,60.1432,-45.2371,35.26,96,100,12.77,snow
313,Krasnoborsk,RU,61.5598,45.934,41.07,95,100,7.16,overcast clouds
314,Arraial Do Cabo,BR,-22.9661,-42.0278,72.72,93,100,9.57,light rain
315,Balkanabat,TM,39.5108,54.3671,60.85,63,100,3.0,overcast clouds
316,Mezen,RU,65.8522,44.24,30.42,97,100,7.7,light snow
317,Okhotsk,RU,59.3833,143.3,25.16,55,100,5.53,overcast clouds
318,Montecristi,EC,-1.05,-80.6667,69.35,79,26,10.49,scattered clouds
319,Lethem,GY,3.3803,-59.7968,80.11,69,64,6.38,broken clouds
320,Tiksi,RU,71.6872,128.8694,3.81,92,100,11.1,overcast clouds
321,Aklavik,CA,68.2191,-135.0107,13.59,96,100,5.57,light snow
322,Acucena,BR,-19.0731,-42.5464,72.64,55,2,3.27,clear sky
323,Saint-Joseph,RE,-21.3667,55.6167,66.58,72,31,5.17,scattered clouds
324,Modrica,RS,43.5204,21.3647,46.22,84,4,1.59,clear sky
325,Alice Springs,AU,-23.7,133.8833,88.21,40,40,9.22,scattered clouds
326,Carlsbad,US,33.1581,-117.3506,76.71,74,20,9.22,few clouds
327,Abonnema,NG,4.7084,6.7931,77.04,89,100,4.74,overcast clouds
328,Aguada De Cima,PT,40.5229,-8.427,67.75,73,93,7.29,overcast clouds
329,Chandler,US,33.3062,-111.8412,80.08,14,0,9.22,clear sky
330,Los Llanos De Aridane,ES,28.6585,-17.9182,72.12,48,0,4.61,clear sky
331,Ahipara,NZ,-35.1667,173.1667,70.23,74,81,12.33,broken clouds
332,Boa Vista,BR,2.8197,-60.6733,81.61,71,84,5.75,light rain
333,Havoysund,NO,70.9963,24.6622,41.23,94,100,22.1,light rain
334,Porto Novo,BJ,6.4965,2.6036,78.44,86,70,4.36,light rain
335,Yumen,CN,40.2833,97.2,40.17,46,0,3.22,clear sky
336,Masuguru,TZ,-11.3667,38.4167,72.03,79,9,6.46,clear sky
337,Sai Buri,TH,6.7013,101.6168,78.96,91,100,5.48,light rain
338,Harwich,GB,51.9419,1.2844,55.26,86,88,1.01,overcast clouds
339,Awbari,LY,26.5921,12.7805,64.98,46,0,5.97,clear sky
340,Lao Cai,VN,22.4833,103.95,71.46,89,54,0.43,broken clouds
341,Hammerfest,NO,70.6634,23.6821,41.45,87,100,13.8,light rain
342,Port Keats,AU,-14.25,129.55,87.71,61,97,8.88,overcast clouds
343,Souillac,MU,-20.5167,57.5167,71.13,83,67,9.98,light rain
344,Houma,US,29.5958,-90.7195,68.0,90,96,8.05,overcast clouds
345,Iracoubo,GF,5.4802,-53.2011,78.66,88,9,9.13,clear sky
346,Mahibadhoo,MV,3.7833,72.9667,79.66,82,100,7.96,overcast clouds
347,Lencois Paulista,BR,-22.5986,-48.8003,69.51,86,78,3.62,broken clouds
348,Omboue,GA,-1.5746,9.2618,76.46,88,100,5.55,moderate rain
349,Fukue,JP,32.6881,128.8419,66.51,68,2,24.79,clear sky
350,Parrita,CR,9.5201,-84.3225,78.28,86,25,3.36,scattered clouds
351,Midland,US,31.9974,-102.0779,58.48,74,100,14.97,overcast clouds
352,Lasa,IT,46.6166,10.7002,57.4,65,15,1.43,few clouds
353,Jagalur,IN,14.5333,76.35,70.0,82,100,8.39,overcast clouds
354,Talnakh,RU,69.4865,88.3972,19.2,92,100,16.2,light snow
355,Kokkola,FI,63.8385,23.1307,42.93,96,20,9.22,few clouds
356,Sterling,US,39.0062,-77.4286,55.27,83,20,5.99,few clouds
357,Soe,ID,-9.8607,124.284,75.38,73,100,1.81,overcast clouds
358,Caravelas,BR,-17.7125,-39.2481,76.21,86,78,10.4,broken clouds
359,Litovko,RU,49.2361,135.1742,36.19,69,7,2.91,clear sky
360,Labuhan,ID,-6.8844,112.2051,77.27,70,100,12.75,overcast clouds
361,Zugdidi,GE,42.5088,41.8709,46.71,93,10,3.24,clear sky
362,Taber,CA,49.8167,-112.1518,51.24,41,100,18.07,overcast clouds
363,Hami,CN,42.8,93.45,43.97,57,92,7.23,overcast clouds
364,Kunashak,RU,55.7032,61.5498,28.92,81,67,5.84,broken clouds
365,Dongsheng,CN,39.8161,109.9776,44.73,90,100,13.18,overcast clouds
366,Antsohihy,MG,-14.8796,47.9875,74.35,88,25,2.33,light rain
367,Porbandar,IN,21.6422,69.6093,77.86,64,0,7.72,clear sky
368,Nishihara,JP,26.1842,127.7558,78.08,73,20,13.8,few clouds
369,Oussouye,SN,12.485,-16.5469,80.01,81,98,5.75,overcast clouds
370,Socorro,US,31.6546,-106.3033,66.06,27,0,3.44,clear sky
371,Okoneshnikovo,RU,54.8377,75.0834,22.15,91,91,11.03,overcast clouds
372,Lagoa,PT,39.05,-27.9833,62.13,64,8,14.65,clear sky
373,Basco,PH,20.4487,121.9702,80.24,85,100,32.53,overcast clouds
374,Russell,US,32.3502,-85.1999,69.19,64,0,4.61,clear sky
375,Atar,MR,20.5169,-13.0499,85.21,16,5,12.57,clear sky
376,Flin Flon,CA,54.7682,-101.865,40.5,67,86,6.46,overcast clouds
377,Karratha,AU,-20.7377,116.8463,69.98,49,51,18.05,broken clouds
378,Honiara,SB,-9.4333,159.95,84.49,73,48,3.83,scattered clouds
379,Walvis Bay,NA,-22.9575,14.5053,57.09,94,1,7.54,clear sky
380,Kimbe,PG,-5.5502,150.1429,91.51,51,95,3.02,overcast clouds
381,Takaka,NZ,-40.85,172.8,62.56,98,100,11.39,light rain
382,Voh,NC,-20.9667,164.7,85.15,60,22,5.06,few clouds
383,Dhidhdhoo,MV,6.8833,73.1,81.41,69,23,8.63,few clouds
384,Krasnoselkup,RU,65.7,82.4667,13.69,94,68,10.4,broken clouds
385,Kilindoni,TZ,-7.9139,39.6668,76.21,86,80,10.02,broken clouds
386,Saldanha,ZA,-33.0117,17.9442,60.93,91,97,6.62,overcast clouds
387,Bendigo,AU,-36.7667,144.2833,55.63,62,37,5.01,scattered clouds
388,Ust-Maya,RU,60.4167,134.5333,23.59,90,100,8.25,overcast clouds
389,Te Anau,NZ,-45.4167,167.7167,63.57,74,100,3.33,light rain
390,Anchorage,US,61.2181,-149.9003,27.32,66,100,8.01,overcast clouds
391,Half Moon Bay,US,37.4636,-122.4286,67.44,66,75,18.41,broken clouds
392,Aripuana,BR,-9.1667,-60.6333,73.11,99,99,0.51,overcast clouds
393,Calvinia,ZA,-31.4707,19.776,64.92,27,28,3.58,scattered clouds
394,Suntar,RU,62.1444,117.6319,15.89,89,84,3.51,broken clouds
395,Mangrol,IN,21.1167,70.1167,77.56,59,0,7.99,clear sky
396,Hirado,JP,33.3597,129.5531,66.38,70,58,25.1,broken clouds
397,Jingdezhen,CN,29.2947,117.2079,61.3,76,100,3.62,overcast clouds
398,Carnduff,CA,49.1667,-101.8009,46.38,41,100,9.93,overcast clouds
399,Corinto,GR,37.9407,22.9573,63.9,60,0,8.37,clear sky
400,Garden City,US,42.3256,-83.331,50.83,64,40,3.44,scattered clouds
401,Namibe,AO,-15.1961,12.1522,70.5,85,37,3.85,light rain
402,Constitucion,CL,-35.3333,-72.4167,54.79,93,96,3.47,overcast clouds
403,Barcelos,PT,41.5388,-8.6151,68.68,84,100,12.12,moderate rain
404,Roald,NO,62.5833,6.1333,57.76,87,100,29.93,drizzle
405,Goma,CD,-1.6792,29.2228,62.96,77,79,3.56,broken clouds
406,Luwuk,ID,-0.9516,122.7875,82.36,73,100,5.82,overcast clouds
407,Champerico,GT,14.3,-91.9167,81.3,75,8,1.57,light rain
408,Nouakchott,MR,18.0858,-15.9785,82.33,47,4,12.24,clear sky
409,Ulladulla,AU,-35.35,150.4667,67.1,34,1,4.88,clear sky
410,Manokwari,ID,-0.8667,134.0833,81.37,79,100,3.83,overcast clouds
411,Pahrump,US,36.2083,-115.9839,69.51,12,2,5.57,clear sky
412,Shaunavon,CA,49.6501,-108.4181,48.79,38,80,16.28,broken clouds
413,Alugan,PH,12.2188,125.4808,81.16,79,100,22.37,overcast clouds
414,Tanout,NE,14.9709,8.8879,75.97,20,0,12.28,clear sky
415,Victoria,HK,22.2855,114.1577,77.38,72,9,8.99,clear sky
416,Hyeres,FR,43.1167,6.1167,68.68,81,0,4.61,clear sky
417,Datong,CN,40.0936,113.2914,48.06,71,100,5.23,light rain
418,Labranzagrande,CO,5.5622,-72.575,68.47,98,100,1.68,overcast clouds
419,Oktyabrskoye,RU,43.0645,44.7417,44.74,93,100,2.24,light intensity drizzle
420,Cao Bang,VN,22.6667,106.25,69.53,82,77,1.36,broken clouds
421,Uong Bi,VN,21.0333,106.7833,73.38,75,9,1.97,clear sky
422,Fairbanks,US,64.8378,-147.7164,17.6,77,40,3.44,scattered clouds
423,Mehamn,NO,71.0357,27.8492,37.35,93,20,8.05,few clouds
424,Shumskiy,RU,54.8318,99.1328,31.89,74,100,5.61,overcast clouds
425,Putina,PE,-15.4667,-69.4333,50.2,67,31,12.12,scattered clouds
426,Coihueco,CL,-36.6167,-71.8333,54.34,94,100,8.05,overcast clouds
427,Swan Hill,AU,-35.3378,143.5544,56.05,62,46,9.19,scattered clouds
428,Debre Tabor,ET,11.85,38.0167,50.41,79,43,3.74,scattered clouds
429,Xining,CN,36.6167,101.7667,41.86,77,100,1.79,overcast clouds
430,Lucea,JM,18.451,-78.1736,79.86,72,6,10.02,clear sky
431,Boca Do Acre,BR,-8.7522,-67.3978,75.24,89,100,1.72,overcast clouds
432,Maldonado,UY,-34.6667,-54.9167,70.23,72,100,3.53,overcast clouds
433,Hermiston,US,45.8404,-119.2895,64.42,56,40,4.61,scattered clouds
434,Quatre Cocos,MU,-20.2078,57.7625,72.09,78,89,11.52,light rain
435,Eskil,TR,38.4017,33.4131,47.7,60,9,11.68,clear sky
436,Maniitsoq,GL,65.4167,-52.9,35.1,89,100,29.26,light snow
437,Port-Gentil,GA,-0.7193,8.7815,77.68,83,100,1.61,moderate rain
438,Chegdomyn,RU,51.1167,133.0167,30.4,52,4,0.98,clear sky
439,Syracuse,IT,37.0881,15.2792,58.37,78,0,6.91,clear sky
440,Bandar-E Lengeh,IR,26.5579,54.8807,81.45,53,99,8.66,overcast clouds
441,Valdepenas,ES,38.7621,-3.3848,64.92,31,89,5.06,overcast clouds
442,Akureyri,IS,65.6835,-18.0878,32.61,80,97,5.95,overcast clouds
443,Shieli,KZ,44.1667,66.75,40.66,52,69,3.33,broken clouds
444,Warrnambool,AU,-38.3833,142.4833,54.82,72,77,16.67,broken clouds
445,Kati,ML,12.7441,-8.0726,76.41,29,1,4.0,clear sky
446,Hervey Bay,AU,-25.2986,152.8535,77.86,46,0,3.49,clear sky
447,Severnyy,RU,50.677,36.5532,46.44,93,75,4.47,broken clouds
448,Yongan,CN,39.6957,113.6871,45.77,83,100,6.53,overcast clouds
449,Ahuimanu,US,21.4447,-157.8378,87.51,72,75,8.05,broken clouds
450,Xuanzhou,CN,30.9525,118.7553,58.53,78,37,10.09,scattered clouds
451,Pangody,RU,65.85,74.4859,19.17,87,44,16.6,scattered clouds
452,Huercal-Overa,ES,37.389,-1.9454,66.38,68,93,3.53,overcast clouds
453,Portland,US,45.5234,-122.6762,54.99,94,100,5.75,mist
454,Hit,IQ,33.6416,42.8251,70.47,36,60,9.62,broken clouds
455,Comodoro Rivadavia,AR,-45.8667,-67.5,53.46,28,0,25.32,clear sky
456,Semey,KZ,50.4111,80.2275,28.62,59,75,4.47,broken clouds
457,Vanavara,RU,60.34,102.2797,29.64,87,99,12.21,overcast clouds
458,Tignere,CM,7.3667,12.65,66.15,67,78,0.78,broken clouds
459,Salamiyah,SY,35.0113,37.0532,64.99,53,4,3.58,clear sky
460,Arona,ES,28.0996,-16.681,70.92,70,0,3.44,clear sky
461,Tooele,US,40.5308,-112.2983,49.69,61,0,0.0,clear sky
462,Fort-Shevchenko,KZ,44.5086,50.263,52.84,74,78,23.76,light rain
463,Udachnyy,RU,66.4167,112.4,-5.89,96,47,6.78,scattered clouds
464,Rudnyy,KZ,52.9594,63.1206,10.63,92,70,4.29,broken clouds
465,Paragominas,BR,-2.9667,-47.4833,78.73,57,75,4.21,broken clouds
466,Uchiza,PE,-8.4592,-76.4633,72.41,98,100,3.13,overcast clouds
467,Saint-Augustin,CA,51.226,-58.6502,40.42,50,1,15.93,clear sky
468,Massakory,TD,12.996,15.7293,81.75,18,93,11.81,overcast clouds
469,Cidreira,BR,-30.1811,-50.2056,68.18,80,0,12.59,clear sky
470,Port Blair,IN,11.6667,92.75,81.01,79,88,11.81,overcast clouds
471,Kemi,FI,65.8596,24.8228,37.17,100,20,4.61,fog
472,Traverse City,US,44.7631,-85.6206,46.47,76,20,0.0,few clouds
473,Pemangkat,ID,1.1667,108.9667,79.12,85,100,7.81,overcast clouds
474,Plettenberg Bay,ZA,-34.0527,23.3716,59.47,79,69,7.05,broken clouds
475,Olafsvik,IS,64.8945,-23.7142,41.25,78,84,9.15,broken clouds
476,Wucheng,CN,29.6008,118.175,59.07,87,100,3.44,overcast clouds
477,Lufilufi,WS,-13.8745,-171.5986,80.8,76,85,9.78,overcast clouds
478,Uruzgan,AF,32.8333,66.0,52.41,13,0,5.01,clear sky
479,Torrington,US,41.8007,-73.1212,47.01,73,87,3.24,overcast clouds
480,Kayerkan,RU,69.3497,87.7602,18.64,85,100,15.1,overcast clouds
481,Khorixas,NA,-20.3667,14.9667,73.06,18,10,4.25,clear sky
482,Mananjary,MG,-21.2167,48.3333,72.93,75,100,10.51,overcast clouds
483,Berdigestyakh,RU,62.0989,126.6992,3.4,99,93,3.2,overcast clouds
484,Raudeberg,NO,61.9875,5.1352,50.95,1,100,30.11,overcast clouds
485,Atok,PH,16.5724,120.6808,62.4,87,98,3.4,light rain
486,Turukhansk,RU,65.8167,87.9833,19.74,95,100,14.45,light snow
487,Baykalovo,RU,57.3981,63.7684,31.48,78,99,5.75,overcast clouds
488,San Andres,CO,12.5847,-81.7006,82.42,69,20,4.61,few clouds
489,Acarau,BR,-2.8856,-40.12,78.75,82,56,17.63,broken clouds
490,Asosa,ET,10.0667,34.5333,60.71,85,78,4.61,broken clouds
491,Nouadhibou,MR,20.931,-17.0347,73.72,61,4,16.62,clear sky
492,Copalillo,MX,18.0333,-99.1167,76.08,72,17,2.35,few clouds
493,Valle De Allende,MX,26.9333,-105.4,58.32,25,2,11.07,clear sky
494,Khandyga,RU,62.6667,135.6,21.92,93,100,8.59,light snow
495,Zarubino,RU,42.63,131.0922,41.85,63,3,7.36,clear sky
496,Navahrudak,BY,53.6,25.8333,48.69,95,64,7.02,broken clouds
497,Necochea,AR,-38.5473,-58.7368,55.8,59,100,8.48,moderate rain
498,El Carmen,CO,8.5106,-73.4478,65.97,89,35,2.04,scattered clouds
499,Sibolga,ID,1.7427,98.7792,76.42,88,100,2.95,overcast clouds
500,North Bend,US,43.4065,-124.2243,61.25,97,100,6.91,overcast clouds
501,Nampula,MZ,-15.1165,39.2666,69.1,80,0,4.34,clear sky
502,Acapulco,MX,16.8634,-99.8901,82.22,83,20,5.75,light rain
503,Kampot,KH,10.6167,104.1833,80.65,78,95,10.33,overcast clouds
504,Guarapari,BR,-20.6667,-40.4975,76.89,89,19,14.97,few clouds
505,Palmer,US,42.1584,-72.3287,46.85,77,75,3.44,broken clouds
506,Saint-Pierre,RE,-21.3393,55.4781,71.91,68,0,4.61,clear sky
507,Valdivia,CL,-39.8142,-73.2459,53.69,95,100,3.27,overcast clouds
508,Poum,NC,-20.2333,164.0167,79.02,78,59,11.54,broken clouds
509,Manavgat,TR,36.7867,31.4431,64.98,43,0,9.89,clear sky
510,Clarence Town,AU,-32.5833,151.7833,74.14,42,0,14.23,clear sky
511,Malakal,SS,9.5334,31.6605,75.99,62,41,3.24,scattered clouds
512,Tombouctou,ML,20.0,-3.0,74.77,13,0,11.72,clear sky
513,Ngunguru,NZ,-35.6167,174.5,65.46,92,96,15.97,overcast clouds
514,Bakchar,RU,57.0186,82.0711,27.39,93,100,11.7,light snow
515,Peniche,PT,39.3558,-9.3811,69.3,85,84,19.73,broken clouds
516,Gazanjyk,TM,39.2446,55.5154,60.64,78,95,4.03,overcast clouds
517,Erenhot,CN,43.6475,111.9767,47.88,67,100,6.04,overcast clouds
518,Laguna,US,38.421,-121.4238,72.09,32,0,6.91,clear sky
519,Businga,CD,3.3333,20.8833,70.88,98,99,1.12,overcast clouds
520,Fare,PF,-16.7,-151.0167,79.41,76,19,11.72,light rain
521,Tabuk,PH,17.4189,121.4443,75.24,93,100,11.74,light rain
522,Arlit,NE,18.7369,7.3853,74.86,19,0,9.48,clear sky
523,Jizan,SA,17.3333,42.6667,82.96,69,4,2.66,clear sky
524,Hukuntsi,BW,-24.0,21.75,74.57,32,0,7.02,clear sky
525,Inhambane,MZ,-23.865,35.3833,73.02,84,94,16.87,light rain
526,Wenling,CN,28.3669,121.36,65.44,71,22,13.62,few clouds
527,Bongandanga,CD,1.5,21.05,70.0,99,92,2.24,overcast clouds
528,Puerto Guzman,CO,0.9703,-76.5858,74.01,97,93,4.25,moderate rain
529,Genhe,CN,50.7833,121.5167,26.33,53,3,0.74,clear sky
530,Gizycko,PL,54.0381,21.7644,52.79,92,76,8.5,broken clouds
531,Kunda,IN,25.7167,81.5167,67.05,64,0,2.28,clear sky
532,Cockburn Town,TC,21.4612,-71.1419,82.06,73,0,14.83,light rain
533,Cubuk,TR,40.2386,33.0322,45.77,75,0,0.0,clear sky
534,Ayan,RU,56.45,138.1667,38.01,51,55,12.3,broken clouds
535,Tucuman,AR,-26.8241,-65.2226,77.0,44,0,3.44,clear sky
536,Ambulu,ID,-8.345,113.6058,76.05,74,76,1.36,broken clouds
537,Kijang,KR,35.2442,129.2139,60.94,65,78,11.27,broken clouds
538,Grand Forks,US,47.9417,-97.4337,53.78,43,40,10.36,scattered clouds
539,Engenheiro Beltrao,BR,-23.7972,-52.2692,73.76,74,47,2.95,scattered clouds
540,Bindi,SL,9.9167,-11.45,73.06,85,99,2.15,overcast clouds
541,Kununurra,AU,-15.7667,128.7333,89.58,58,24,4.61,few clouds
542,Luziania,BR,-16.2525,-47.9503,76.69,46,73,1.83,broken clouds
543,Namatanai,PG,-3.6667,152.4333,85.75,69,96,5.35,overcast clouds
544,The Woodlands,US,30.158,-95.4894,69.82,94,100,5.99,overcast clouds
545,Burnie,AU,-41.0667,145.9167,54.95,56,46,14.79,scattered clouds
546,San Jose,US,37.3394,-121.895,68.52,53,75,19.57,broken clouds
547,College,US,64.8569,-147.8028,17.58,76,40,3.44,scattered clouds
548,Harper,LR,4.375,-7.7169,76.64,90,77,3.15,light rain
549,Chinchani,IN,19.8667,72.7,74.5,55,0,5.37,clear sky
550,Santa Isabel Do Rio Negro,BR,-0.4139,-65.0192,78.93,82,97,1.19,light rain
551,Namwala,ZM,-15.7504,26.4384,73.69,45,22,4.45,few clouds
552,Maslovka,RU,51.5535,39.2357,41.52,83,100,5.48,overcast clouds
553,Takoradi,GH,4.8845,-1.7554,77.88,86,46,7.67,light rain
554,Talikota,IN,16.4833,76.3167,68.22,68,58,7.65,broken clouds
555,Coihaique,CL,-45.5752,-72.0662,39.81,75,0,4.61,clear sky
556,Puerto Colombia,CO,10.9878,-74.9547,82.49,71,12,9.22,few clouds
557,Lompoc,US,34.6391,-120.4579,68.14,71,0,10.36,clear sky
558,Palana,RU,59.1167,159.9667,28.83,61,100,13.47,overcast clouds
559,Tamiahua,MX,21.2667,-97.45,79.83,85,79,7.7,broken clouds
560,Yangambi,CD,0.8102,24.4336,68.18,100,95,1.86,moderate rain
561,Novonukutskiy,RU,53.7002,102.7117,32.47,91,100,8.23,light snow
562,Lakes Entrance,AU,-37.8811,147.981,65.16,53,88,14.34,overcast clouds
563,Ostrovnoy,RU,68.0531,39.5131,36.54,97,99,22.08,overcast clouds
564,Hudson Bay,CA,52.85,-102.3842,38.77,80,100,5.21,overcast clouds
565,Verkhnevilyuysk,RU,63.4453,120.3167,0.97,98,54,1.63,broken clouds
566,Nikolayevka,RU,53.1257,47.2041,34.07,99,100,1.07,overcast clouds
567,Mareeba,AU,-17.0,145.4333,86.49,51,19,5.12,few clouds
568,Orasac,BA,44.6289,16.0711,53.26,84,11,1.25,few clouds
569,Maicao,CO,11.3832,-72.2432,76.15,86,34,6.96,scattered clouds
570,Sena Madureira,BR,-9.0656,-68.6569,72.61,97,100,1.68,overcast clouds
571,Kil,SE,59.5072,13.314,53.49,98,100,9.22,moderate rain
572,Narsaq,GL,60.9167,-46.05,37.62,99,100,10.22,light rain
573,Bandarbeyla,SO,9.4942,50.8122,78.19,80,26,9.64,scattered clouds
574,Bandiagara,ML,14.3501,-3.6104,79.75,17,0,8.12,clear sky
575,Port Macquarie,AU,-31.4333,152.9167,76.89,38,0,13.8,clear sky
576,Suez,EG,29.9737,32.5263,69.55,79,95,9.24,overcast clouds
577,Elko,US,41.0002,-115.5012,54.23,18,54,3.0,broken clouds
578,Barabai,ID,-2.5833,115.3833,77.97,85,100,0.6,overcast clouds
579,Huarmey,PE,-10.0681,-78.1522,62.71,83,5,8.86,clear sky
580,Tura,IN,25.5198,90.2201,64.11,96,1,4.07,clear sky
581,Arbagar,RU,51.9438,116.2805,25.97,57,57,1.59,broken clouds
582,Vieste,IT,41.8825,16.175,65.37,83,1,9.06,clear sky
583,Antofagasta,CL,-23.65,-70.4,58.28,82,10,6.49,clear sky
584,Qaqortoq,GL,60.7167,-46.0333,33.1,98,100,8.46,snow
585,Oum Hadjer,TD,13.2954,19.6966,80.49,18,85,11.77,overcast clouds
586,Collie,AU,-33.3667,116.15,48.36,95,99,10.87,light rain
587,San Quintin,MX,30.4833,-115.95,67.41,64,0,12.91,clear sky
588,Vrangel,RU,42.7297,133.0839,42.44,65,1,9.42,clear sky
589,Farkhor,TJ,37.4922,69.4036,63.45,33,86,2.1,overcast clouds
590,Rajaldesar,IN,28.0333,74.4667,71.6,28,0,3.42,clear sky
591,Kisangani,CD,0.5167,25.2,69.03,99,99,0.83,moderate rain
592,Praia Da Vitoria,PT,38.7333,-27.0667,58.75,87,0,9.33,clear sky
593,Tres Arroyos,AR,-38.3739,-60.2798,60.51,56,100,5.99,overcast clouds
594,Coahuayana,MX,18.7333,-103.6833,79.54,85,29,3.09,scattered clouds
595,Guerrero Negro,MX,27.9769,-114.0611,73.36,51,39,12.59,scattered clouds
596,Lieksa,FI,63.3167,30.0167,44.56,96,99,11.39,overcast clouds
597,Wanning,CN,18.8003,110.3967,74.19,84,100,13.09,overcast clouds
598,Matane,CA,48.8286,-67.522,39.34,64,0,12.73,clear sky
599,Vila Franca Do Campo,PT,37.7167,-25.4333,59.41,65,1,3.76,clear sky
600,Tabas,IR,33.5959,56.9244,70.32,26,65,3.33,broken clouds
601,Roma,US,43.2128,-75.4557,48.67,57,0,8.05,clear sky
602,Huainan,CN,32.6264,116.9969,56.39,64,73,10.51,broken clouds
603,Monticello,US,45.3055,-93.7941,56.95,51,0,5.75,clear sky
604,Lebanon,US,36.2081,-86.2911,66.25,74,0,0.0,clear sky
605,Sabha,LY,27.0377,14.4283,65.37,56,0,9.46,clear sky
606,Innisfail,AU,-17.5333,146.0333,86.29,64,7,3.27,clear sky
607,Khairabad,IN,27.5333,80.75,65.98,71,0,2.62,clear sky
608,Chitrakonda,IN,18.1167,82.0833,59.5,78,40,2.57,scattered clouds
609,Irbil,IQ,36.1926,44.0106,60.62,51,7,3.44,clear sky
610,Oranjemund,NA,-28.55,16.4333,57.31,93,49,3.71,scattered clouds
611,Le Pradet,FR,43.1066,6.0172,68.63,75,0,3.44,clear sky
612,Broken Hill,AU,-31.95,141.4333,63.97,43,69,5.41,broken clouds
613,Novonikolayevskiy,RU,50.9738,42.3649,33.78,93,100,1.99,overcast clouds
614,Olyka,UA,50.7186,25.8125,53.17,89,16,8.08,few clouds
615,Poya,NC,-21.35,165.15,83.71,63,20,3.06,few clouds
616,Santa Marta,CO,11.2408,-74.199,83.89,72,20,11.5,few clouds
617,Shingu,JP,33.7333,135.9833,63.66,58,0,4.99,clear sky
618,Emmett,US,43.8735,-116.4993,55.69,52,100,3.98,overcast clouds
619,Sladkovo,RU,55.5284,70.3385,25.27,84,86,8.59,overcast clouds
620,Boyolangu,ID,-8.1181,111.8935,76.1,72,87,3.89,overcast clouds
621,Watertown,US,42.3709,-71.1828,45.86,78,0,1.99,clear sky
622,Mackenzie,CA,55.2999,-123.1698,41.83,57,98,10.76,overcast clouds
623,Spencer,US,43.1414,-95.1444,58.55,64,0,4.61,clear sky
624,Tiarei,PF,-17.5333,-149.3333,82.42,74,8,7.07,clear sky
625,Filadelfia,US,39.9523,-75.1638,52.34,74,75,6.91,broken clouds
626,Shitanjing,CN,39.2342,106.3439,46.92,82,98,2.71,overcast clouds
627,Geraldton,AU,-28.7667,114.6,63.01,82,75,21.85,broken clouds
628,Tilichiki,RU,60.4667,166.1,12.27,79,37,6.8,scattered clouds
629,Axim,GH,4.8699,-2.2405,77.79,85,44,7.0,light rain
630,Marsh Harbour,BS,26.5412,-77.0636,79.57,70,1,16.08,clear sky
631,Korla,CN,41.7597,86.1469,48.04,39,18,9.57,few clouds
632,Cravo Norte,CO,6.3017,-70.2041,79.09,85,98,4.47,overcast clouds
633,Panacan,PH,9.2463,118.4082,78.89,88,100,7.43,overcast clouds
634,Zhigalovo,RU,54.8097,105.1578,28.47,69,99,3.15,overcast clouds
635,Bilibino,RU,68.0546,166.4372,0.21,96,100,1.19,overcast clouds
636,Khani,GE,41.9563,42.9566,42.37,93,98,1.36,light rain
637,Puerto Penasco,MX,31.3167,-113.5333,79.48,34,0,11.01,clear sky
638,Sobolevo,RU,54.4299,31.8996,45.9,97,100,7.02,overcast clouds
639,Sayville,US,40.7359,-73.0821,51.4,69,75,0.0,broken clouds
640,Aswan,EG,24.0934,32.907,73.44,31,0,9.57,clear sky
641,Bastia,FR,42.6667,9.3333,63.3,72,0,4.61,clear sky
642,Paka,MY,4.6374,103.4368,76.17,91,100,7.96,light rain
643,Syedove,UA,47.0768,38.156,48.11,73,90,4.21,overcast clouds
644,Lata,PT,40.1629,-8.3327,69.82,76,80,7.07,broken clouds
645,Gigmoto,PH,13.7796,124.39,79.34,94,100,27.54,moderate rain
646,Mokhsogollokh,RU,61.4681,128.9203,17.47,88,90,9.08,overcast clouds
647,Pangai,TO,-19.8,-174.35,77.11,94,100,16.11,thunderstorm with heavy rain
648,Calama,CL,-22.4667,-68.9333,59.49,13,0,12.66,clear sky
649,Sasebo,JP,33.1592,129.7228,67.03,71,30,10.33,scattered clouds
650,Adeje,ES,28.1227,-16.726,75.11,54,0,3.44,clear sky
651,Adelaide,AU,-34.9333,138.6,63.21,58,20,13.8,few clouds
652,Kemijarvi,FI,66.7131,27.4306,38.5,99,100,6.76,overcast clouds
653,Georgiyevskoye,RU,58.731,45.024,38.46,96,100,8.23,overcast clouds
654,Tessalit,ML,20.1986,1.0114,72.63,20,0,9.73,clear sky
655,Zalantun,CN,48.0,122.7167,33.37,37,12,2.37,few clouds
656,Maidens,GB,55.3338,-4.8147,56.55,89,64,13.35,broken clouds
657,Soyaux,FR,45.65,0.2,67.98,65,0,12.66,clear sky
658,Pawai,IN,24.2667,80.1667,64.99,57,0,2.53,clear sky
659,Shanhetun,CN,44.7,127.2,35.17,57,21,1.77,few clouds
660,Tadine,NC,-21.55,167.8833,80.37,72,8,10.04,clear sky
661,Kiunga,PG,-6.1219,141.2906,87.53,60,80,1.63,broken clouds
662,Bandundu,CD,-3.3167,17.3667,68.88,99,99,3.44,overcast clouds
663,Kathmandu,NP,27.7167,85.3167,57.42,88,75,0.0,mist
664,Amapa,BR,1.0,-52.0,73.31,96,93,2.93,overcast clouds
665,Copiapo,CL,-27.3667,-70.3333,53.29,56,0,3.67,clear sky
666,Bubaque,GW,11.2833,-15.8333,82.89,77,100,9.28,overcast clouds
667,Saint Simons,US,31.1352,-81.3901,70.02,90,100,10.36,overcast clouds
668,La Ronge,CA,55.1001,-105.2842,46.2,52,85,8.46,overcast clouds
669,Taoudenni,ML,22.6783,-3.9836,79.63,13,1,10.87,clear sky
670,Ola,RU,59.5833,151.2833,20.37,58,100,5.23,overcast clouds
671,Lahad Datu,MY,5.0268,118.327,80.53,83,100,4.47,overcast clouds
672,Hangu,CN,39.2489,117.7892,55.44,62,100,5.08,overcast clouds
673,Severodvinsk,RU,64.5635,39.8302,33.91,98,100,8.34,overcast clouds
674,Tateyama,JP,34.9833,139.8667,59.09,62,0,13.69,clear sky
675,Arica,CL,-18.475,-70.3042,62.15,77,0,4.61,clear sky
676,Banyo,CM,6.75,11.8167,68.16,80,100,2.1,overcast clouds
677,Eydhafushi,MV,5.1033,73.0708,80.33,78,79,8.72,broken clouds
678,Beisfjord,NO,68.3751,17.5988,43.05,98,100,7.29,light rain
679,Sawakin,SD,19.1059,37.3321,82.35,74,41,6.53,scattered clouds
680,Bangkalan,ID,-7.0455,112.7351,78.75,68,100,3.47,overcast clouds
681,Waipawa,NZ,-41.4122,175.5153,67.21,63,100,16.78,moderate rain
682,Guaruja,BR,-23.9931,-46.2564,71.91,89,90,2.42,overcast clouds
683,Vila Velha,BR,-20.3297,-40.2925,76.95,87,40,10.36,scattered clouds
684,Makinsk,KZ,52.6292,70.4169,14.23,95,83,6.6,broken clouds
685,Las Palmas,ES,28.4204,-14.0131,72.39,46,0,6.91,clear sky
686,Mega,ET,4.05,38.3,61.72,79,100,5.19,overcast clouds
687,Chilliwack,CA,49.1747,-121.9443,55.53,81,69,3.94,broken clouds
688,Misratah,LY,32.3754,15.0925,72.23,67,1,9.53,clear sky
689,Barcelona,ES,41.3888,2.159,70.72,72,40,3.44,scattered clouds
690,Maturin,VE,9.75,-63.1767,74.68,97,100,6.42,light rain
691,Ekhabi,RU,53.5102,142.9671,34.34,68,44,9.8,scattered clouds
692,Puerto Ayacucho,VE,5.6639,-67.6236,79.63,83,95,5.14,moderate rain
693,Kamenka,RU,51.3223,42.7678,35.96,87,98,4.38,overcast clouds
694,Sturgis,US,41.7992,-85.4192,50.22,59,0,3.44,clear sky
695,Cofradia,HN,15.4,-88.15,79.93,96,24,2.84,few clouds
696,Kahului,US,20.8947,-156.47,89.62,61,40,24.16,scattered clouds
697,Saquarema,BR,-22.92,-42.5103,71.28,92,100,10.85,overcast clouds
698,Kondinskoye,RU,59.6481,67.41,22.91,95,68,3.71,broken clouds
699,Praya,CV,14.9215,-23.5087,79.34,65,0,11.5,clear sky
700,Najran,SA,17.4924,44.1277,59.65,29,6,1.34,clear sky
701,Saveh,IR,35.0213,50.3566,62.89,38,2,3.11,clear sky
702,Nantucket,US,41.2835,-70.0995,51.91,79,40,12.66,scattered clouds
703,Tommot,RU,58.9564,126.2925,15.62,91,86,1.48,overcast clouds
704,Mazatan,MX,14.8667,-92.45,82.47,100,75,0.0,moderate rain
